[
  {
    "name": "Event 1",
    "description": "Description for Event 1",
    "date": "2024-04-01",
    "trainer": "Trainer 1",
    "startTime": "10:00",
    "endTime": "12:00",
    "location": "Location 1",
    "imgUrl": "https://www.bing.com/images/search?view=detailV2&ccid=iYBXD0Mv&id=A3AB216A9E9B0A78E7EFA7C54E92279D0D9036BC&thid=OIP.iYBXD0Mvk-vTgbmWcsTnLwHaEK&mediaurl=https%3a%2f%2fnextleveleventdesign.com%2fwp-content%2fuploads%2f2019%2f05%2fEvent-Technology.png&exph=1080&expw=1920&q=tecn+event+images&simid=607988235347516277&FORM=IRPRST&ck=4521688DA183351F81563E5118442C74&selectedIndex=0&itb=0",
    "capacity": 50,
    "registered": 0
  },
  {
    "name": "Event 2",
    "description": "Description for Event 2",
    "date": "2024-04-02",
    "trainer": "Trainer 2",
    "startTime": "11:00",
    "endTime": "01:00",
    "location": "Location 2",
    "imgUrl": "https://www.bing.com/images/search?view=detailV2&ccid=iYBXD0Mv&id=A3AB216A9E9B0A78E7EFA7C54E92279D0D9036BC&thid=OIP.iYBXD0Mvk-vTgbmWcsTnLwHaEK&mediaurl=https%3a%2f%2fnextleveleventdesign.com%2fwp-content%2fuploads%2f2019%2f05%2fEvent-Technology.png&exph=1080&expw=1920&q=tecn+event+images&simid=607988235347516277&FORM=IRPRST&ck=4521688DA183351F81563E5118442C74&selectedIndex=0&itb=0",
    "capacity": 50,
    "registered": 0
  },
  {
    "name": "Event 3",
    "description": "Description for Event 3",
    "date": "2024-04-03",
    "trainer": "Trainer 3",
    "startTime": "12:00",
    "endTime": "02:00",
    "location": "Location 3",
    "imgUrl": "https://www.bing.com/images/search?view=detailV2&ccid=iYBXD0Mv&id=A3AB216A9E9B0A78E7EFA7C54E92279D0D9036BC&thid=OIP.iYBXD0Mvk-vTgbmWcsTnLwHaEK&mediaurl=https%3a%2f%2fnextleveleventdesign.com%2fwp-content%2fuploads%2f2019%2f05%2fEvent-Technology.png&exph=1080&expw=1920&q=tecn+event+images&simid=607988235347516277&FORM=IRPRST&ck=4521688DA183351F81563E5118442C74&selectedIndex=0&itb=0",
    "capacity": 50,
    "registered": 0
  },
  {
    "name": "Event 4",
    "description": "Description for Event 4",
    "date": "2024-04-04",
    "trainer": "Trainer 4",
    "startTime": "01:00",
    "endTime": "03:00",
    "location": "Location 4",
    "imgUrl": "https://www.bing.com/images/search?view=detailV2&ccid=iYBXD0Mv&id=A3AB216A9E9B0A78E7EFA7C54E92279D0D9036BC&thid=OIP.iYBXD0Mvk-vTgbmWcsTnLwHaEK&mediaurl=https%3a%2f%2fnextleveleventdesign.com%2fwp-content%2fuploads%2f2019%2f05%2fEvent-Technology.png&exph=1080&expw=1920&q=tecn+event+images&simid=607988235347516277&FORM=IRPRST&ck=4521688DA183351F81563E5118442C74&selectedIndex=0&itb=0",
    "capacity": 50,
    "registered": 0
  },
  {
    "name": "Event 5",
    "description": "Description for Event 5",
    "date": "2024-04-05",
    "trainer": "Trainer 5",
    "startTime": "02:00",
    "endTime": "04:00",
    "location": "Location 5",
    "imgUrl": "https://www.bing.com/images/search?view=detailV2&ccid=iYBXD0Mv&id=A3AB216A9E9B0A78E7EFA7C54E92279D0D9036BC&thid=OIP.iYBXD0Mvk-vTgbmWcsTnLwHaEK&mediaurl=https%3a%2f%2fnextleveleventdesign.com%2fwp-content%2fuploads%2f2019%2f05%2fEvent-Technology.png&exph=1080&expw=1920&q=tecn+event+images&simid=607988235347516277&FORM=IRPRST&ck=4521688DA183351F81563E5118442C74&selectedIndex=0&itb=0",
    "capacity": 50,
    "registered": 0
  },
  {
    "name": "Event 6",
    "description": "Description for Event 6",
    "date": "2024-04-06",
    "trainer": "Trainer 6",
    "startTime": "03:00",
    "endTime": "05:00",
    "location": "Location 6",
    "imgUrl": "https://www.bing.com/images/search?view=detailV2&ccid=iYBXD0Mv&id=A3AB216A9E9B0A78E7EFA7C54E92279D0D9036BC&thid=OIP.iYBXD0Mvk-vTgbmWcsTnLwHaEK&mediaurl=https%3a%2f%2fnextleveleventdesign.com%2fwp-content%2fuploads%2f2019%2f05%2fEvent-Technology.png&exph=1080&expw=1920&q=tecn+event+images&simid=607988235347516277&FORM=IRPRST&ck=4521688DA183351F81563E5118442C74&selectedIndex=0&itb=0",
    "capacity": 50,
    "registered": 0
  },
  {
    "name": "Event 7",
    "description": "Description for Event 7",
    "date": "2024-04-07",
    "trainer": "Trainer 7",
    "startTime": "04:00",
    "endTime": "06:00",
    "location": "Location 7",
    "imgUrl": "https://www.bing.com/images/search?view=detailV2&ccid=iYBXD0Mv&id=A3AB216A9E9B0A78E7EFA7C54E92279D0D9036BC&thid=OIP.iYBXD0Mvk-vTgbmWcsTnLwHaEK&mediaurl=https%3a%2f%2fnextleveleventdesign.com%2fwp-content%2fuploads%2f2019%2f05%2fEvent-Technology.png&exph=1080&expw=1920&q=tecn+event+images&simid=607988235347516277&FORM=IRPRST&ck=4521688DA183351F81563E5118442C74&selectedIndex=0&itb=0",
    "capacity": 50,
    "registered": 0
  },
  {
    "name": "Event 8",
    "description": "Description for Event 8",
    "date": "2024-04-08",
    "trainer": "Trainer 8",
    "startTime": "05:00",
    "endTime": "07:00",
    "location": "Location 8",
    "imgUrl": "https://www.bing.com/images/search?view=detailV2&ccid=iYBXD0Mv&id=A3AB216A9E9B0A78E7EFA7C54E92279D0D9036BC&thid=OIP.iYBXD0Mvk-vTgbmWcsTnLwHaEK&mediaurl=https%3a%2f%2fnextleveleventdesign.com%2fwp-content%2fuploads%2f2019%2f05%2fEvent-Technology.png&exph=1080&expw=1920&q=tecn+event+images&simid=607988235347516277&FORM=IRPRST&ck=4521688DA183351F81563E5118442C74&selectedIndex=0&itb=0",
    "capacity": 50,
    "registered": 0
  },
  {
    "name": "Event 9",
    "description": "Description for Event 9",
    "date": "2024-04-09",
    "trainer": "Trainer 9",
    "startTime": "06:00",
    "endTime": "08:00",
    "location": "Location 9",
    "imgUrl": "https://www.bing.com/images/search?view=detailV2&ccid=iYBXD0Mv&id=A3AB216A9E9B0A78E7EFA7C54E92279D0D9036BC&thid=OIP.iYBXD0Mvk-vTgbmWcsTnLwHaEK&mediaurl=https%3a%2f%2fnextleveleventdesign.com%2fwp-content%2fuploads%2f2019%2f05%2fEvent-Technology.png&exph=1080&expw=1920&q=tecn+event+images&simid=607988235347516277&FORM=IRPRST&ck=4521688DA183351F81563E5118442C74&selectedIndex=0&itb=0",
    "capacity": 50,
    "registered": 0
  },
  {
    "name": "Event 10",
    "description": "Description for Event 10",
    "date": "2024-04-10",
    "trainer": "Trainer 10",
    "startTime": "07:00",
    "endTime": "09:00",
    "location": "Location 10",
    "imgUrl": "https://www.bing.com/images/search?view=detailV2&ccid=iYBXD0Mv&id=A3AB216A9E9B0A78E7EFA7C54E92279D0D9036BC&thid=OIP.iYBXD0Mvk-vTgbmWcsTnLwHaEK&mediaurl=https%3a%2f%2fnextleveleventdesign.com%2fwp-content%2fuploads%2f2019%2f05%2fEvent-Technology.png&exph=1080&expw=1920&q=tecn+event+images&simid=607988235347516277&FORM=IRPRST&ck=4521688DA183351F81563E5118442C74&selectedIndex=0&itb=0",
    "capacity": 50,
    "registered": 0
  },
  {
    "name": "Event 11",
    "description": "Description for Event 11",
    "date": "2024-04-11",
    "trainer": "Trainer 11",
    "startTime": "08:00",
    "endTime": "10:00",
    "location": "Location 11",
    "imgUrl": "https://www.bing.com/images/search?view=detailV2&ccid=iYBXD0Mv&id=A3AB216A9E9B0A78E7EFA7C54E92279D0D9036BC&thid=OIP.iYBXD0Mvk-vTgbmWcsTnLwHaEK&mediaurl=https%3a%2f%2fnextleveleventdesign.com%2fwp-content%2fuploads%2f2019%2f05%2fEvent-Technology.png&exph=1080&expw=1920&q=tecn+event+images&simid=607988235347516277&FORM=IRPRST&ck=4521688DA183351F81563E5118442C74&selectedIndex=0&itb=0",
    "capacity": 50,
    "registered": 0
  },
  {
    "name": "Event 12",
    "description": "Description for Event 12",
    "date": "2024-04-12",
    "trainer": "Trainer 12",
    "startTime": "09:00",
    "endTime": "11:00",
    "location": "Location 12",
    "imgUrl": "https://www.bing.com/images/search?view=detailV2&ccid=iYBXD0Mv&id=A3AB216A9E9B0A78E7EFA7C54E92279D0D9036BC&thid=OIP.iYBXD0Mvk-vTgbmWcsTnLwHaEK&mediaurl=https%3a%2f%2fnextleveleventdesign.com%2fwp-content%2fuploads%2f2019%2f05%2fEvent-Technology.png&exph=1080&expw=1920&q=tecn+event+images&simid=607988235347516277&FORM=IRPRST&ck=4521688DA183351F81563E5118442C74&selectedIndex=0&itb=0",
    "capacity": 50,
    "registered": 0
  },
  {
    "name": "Event 13",
    "description": "Description for Event 13",
    "date": "2024-04-13",
    "trainer": "Trainer 13",
    "startTime": "10:00",
    "endTime": "12:00",
    "location": "Location 13",
    "imgUrl": "https://www.bing.com/images/search?view=detailV2&ccid=iYBXD0Mv&id=A3AB216A9E9B0A78E7EFA7C54E92279D0D9036BC&thid=OIP.iYBXD0Mvk-vTgbmWcsTnLwHaEK&mediaurl=https%3a%2f%2fnextleveleventdesign.com%2fwp-content%2fuploads%2f2019%2f05%2fEvent-Technology.png&exph=1080&expw=1920&q=tecn+event+images&simid=607988235347516277&FORM=IRPRST&ck=4521688DA183351F81563E5118442C74&selectedIndex=0&itb=0",
    "capacity": 50,
    "registered": 0
  },
  {
    "name": "Event 14",
    "description": "Description for Event 14",
    "date": "2024-04-14",
    "trainer": "Trainer 14",
    "startTime": "11:00",
    "endTime": "01:00",
    "location": "Location 14",
    "imgUrl": "https://www.bing.com/images/search?view=detailV2&ccid=iYBXD0Mv&id=A3AB216A9E9B0A78E7EFA7C54E92279D0D9036BC&thid=OIP.iYBXD0Mvk-vTgbmWcsTnLwHaEK&mediaurl=https%3a%2f%2fnextleveleventdesign.com%2fwp-content%2fuploads%2f2019%2f05%2fEvent-Technology.png&exph=1080&expw=1920&q=tecn+event+images&simid=607988235347516277&FORM=IRPRST&ck=4521688DA183351F81563E5118442C74&selectedIndex=0&itb=0",
    "capacity": 50,
    "registered": 0
  },
  {
    "name": "Event 15",
    "description": "Description for Event 15",
    "date": "2024-04-15",
    "trainer": "Trainer 15",
    "startTime": "12:00",
    "endTime": "02:00",
    "location": "Location 15",
    "imgUrl": "https://www.bing.com/images/search?view=detailV2&ccid=iYBXD0Mv&id=A3AB216A9E9B0A78E7EFA7C54E92279D0D9036BC&thid=OIP.iYBXD0Mvk-vTgbmWcsTnLwHaEK&mediaurl=https%3a%2f%2fnextleveleventdesign.com%2fwp-content%2fuploads%2f2019%2f05%2fEvent-Technology.png&exph=1080&expw=1920&q=tecn+event+images&simid=607988235347516277&FORM=IRPRST&ck=4521688DA183351F81563E5118442C74&selectedIndex=0&itb=0",
    "capacity": 50,
    "registered": 0
  }
]
