id,first_name,last_name,email,gender,designation,experience (yrs)
1,Fernande,Rubinlicht,frubinlicht0@storify.com,Female,intern,6
2,Cheston,Benge,cbenge1@fotki.com,Male,intern,7
3,Russ,Barbosa,rbarbosa2@theglobeandmail.com,Male,tribe master,2
4,Terra,Beverstock,tbeverstock3@squidoo.com,Female,senior software engineer,7
5,Clemens,Kopec,ckopec4@usgs.gov,Male,tribe master,0
6,Trix,Le - Count,tlecount5@tumblr.com,Female,intern,8
7,Ailis,Stickney,astickney6@nih.gov,Female,senior software engineer,10
8,Pen,Paolozzi,ppaolozzi7@google.com.br,Female,senior software engineer,2
9,Staci,Boyle,sboyle8@walmart.com,Female,consultant,1
10,Barbaraanne,Engall,bengall9@prnewswire.com,Female,tribe master,6
11,Page,O'Scanlan,poscanlana@moonfruit.com,Male,junior software engineer,9
12,Tamarra,Carrell,tcarrellb@altervista.org,Female,consultant,5
13,Petunia,Franz,pfranzc@cdc.gov,Non-binary,tribe master,6
14,Tammie,Muskett,tmuskettd@epa.gov,Female,consultant,6
15,Veda,Bellworthy,vbellworthye@illinois.edu,Female,senior software engineer,10
16,Edythe,Grisdale,egrisdalef@baidu.com,Female,consultant,1
17,Elbertine,Emanuel,eemanuelg@opera.com,Female,intern,8
18,Marisa,Fairman,mfairmanh@craigslist.org,Female,intern,9
19,Kiley,Cafe,kcafei@un.org,Female,intern,10
20,Birch,Glowinski,bglowinskij@wordpress.org,Male,tribe master,5
21,Ketti,Crisell,kcrisellk@apache.org,Female,junior software engineer,6
22,Allianora,Limb,alimbl@epa.gov,Female,junior software engineer,0
23,Edd,Waterland,ewaterlandm@cbsnews.com,Male,intern,10
24,Fanchon,Gibby,fgibbyn@fastcompany.com,Female,junior software engineer,3
25,Marleah,Hardi,mhardio@blogspot.com,Female,intern,5
26,Vito,Millier,vmillierp@wikispaces.com,Male,senior software engineer,4
27,Palmer,Grandisson,pgrandissonq@bloomberg.com,Male,intern,6
28,Athene,Sadd,asaddr@cnbc.com,Female,intern,6
29,Juliana,Le Houx,jlehouxs@state.tx.us,Female,senior software engineer,10
30,Mortie,O'Loughlin,moloughlint@elegantthemes.com,Male,junior software engineer,3
31,Jaquenette,Gillingham,jgillinghamu@lycos.com,Female,junior software engineer,5
32,Sofie,Pechan,spechanv@yahoo.co.jp,Female,consultant,0
33,Helen-elizabeth,McGarrity,hmcgarrityw@reuters.com,Female,intern,2
34,Modesta,Klimuk,mklimukx@examiner.com,Polygender,consultant,10
35,Burch,Gilchriest,bgilchriesty@jiathis.com,Male,junior software engineer,0
36,Agnesse,Houtbie,ahoutbiez@house.gov,Female,consultant,0
37,Algernon,Langeley,alangeley10@t-online.de,Male,tribe master,6
38,Rosana,Girardey,rgirardey11@ox.ac.uk,Female,consultant,3
39,Sofia,Littlefield,slittlefield12@ted.com,Female,junior software engineer,5
40,Sigismund,Piperley,spiperley13@bandcamp.com,Male,consultant,9
41,Tawnya,Blackhurst,tblackhurst14@usnews.com,Female,tribe master,10
42,Emmet,Ackred,eackred15@harvard.edu,Male,senior software engineer,6
43,Juliet,Rayman,jrayman16@skyrock.com,Female,senior software engineer,0
44,Alair,Devoy,adevoy17@free.fr,Male,consultant,8
45,Lynelle,Le Noire,llenoire18@cam.ac.uk,Female,tribe master,9
46,Herculie,Sellars,hsellars19@ezinearticles.com,Male,consultant,1
47,Caril,Tather,ctather1a@ycombinator.com,Female,consultant,0
48,Conn,Cuddon,ccuddon1b@discuz.net,Male,tribe master,8
49,Marita,Harkness,mharkness1c@over-blog.com,Female,consultant,6
50,Harv,Knapton,hknapton1d@hatena.ne.jp,Male,consultant,1
51,Conney,Sangster,csangster1e@upenn.edu,Male,consultant,0
52,Rozele,Kennifick,rkennifick1f@wikia.com,Bigender,consultant,7
53,Mehetabel,Giocannoni,mgiocannoni1g@cdbaby.com,Female,junior software engineer,5
54,Ronny,Rosengren,rrosengren1h@webeden.co.uk,Female,junior software engineer,6
55,Vaughan,Perfect,vperfect1i@samsung.com,Male,senior software engineer,7
56,Edgard,Furby,efurby1j@toplist.cz,Male,consultant,8
57,Drew,Seelbach,dseelbach1k@japanpost.jp,Male,consultant,1
58,Lemmy,Magnar,lmagnar1l@bluehost.com,Male,intern,5
59,Alexandr,Quaintance,aquaintance1m@mozilla.org,Male,tribe master,10
60,Gaby,Entres,gentres1n@globo.com,Male,intern,5
61,Agnese,Heggs,aheggs1o@dagondesign.com,Female,junior software engineer,6
62,Myles,Corris,mcorris1p@nydailynews.com,Male,intern,9
63,Angie,Cherm,acherm1q@jimdo.com,Male,intern,4
64,Doralin,Stranahan,dstranahan1r@alibaba.com,Non-binary,intern,4
65,Betty,Wainscoat,bwainscoat1s@w3.org,Female,consultant,9
66,Fae,Vogele,fvogele1t@eepurl.com,Female,senior software engineer,10
67,Thelma,Geeves,tgeeves1u@usgs.gov,Non-binary,senior software engineer,0
68,Cletis,Privett,cprivett1v@ft.com,Male,consultant,1
69,Heida,MacGuffog,hmacguffog1w@chicagotribune.com,Female,tribe master,8
70,Magdalena,McCowen,mmccowen1x@squarespace.com,Female,consultant,5
71,Wesley,Hanselmann,whanselmann1y@jugem.jp,Male,senior software engineer,6
72,Linnet,Kellegher,lkellegher1z@unc.edu,Female,tribe master,0
73,Ulises,Brunger,ubrunger20@soundcloud.com,Agender,intern,1
74,Odelle,Canter,ocanter21@dedecms.com,Female,consultant,9
75,Lemmie,Domeney,ldomeney22@nytimes.com,Male,consultant,6
76,Amaleta,Braidwood,abraidwood23@deviantart.com,Female,consultant,4
77,Portie,Cortin,pcortin24@zimbio.com,Male,senior software engineer,3
78,Cassie,Bransom,cbransom25@paypal.com,Female,consultant,9
79,Bobbye,Lopes,blopes26@diigo.com,Female,consultant,7
80,Mozelle,Dran,mdran27@tripod.com,Female,tribe master,0
81,Leo,Spores,lspores28@instagram.com,Male,consultant,10
82,Shaw,Caddock,scaddock29@bbb.org,Male,tribe master,10
83,Krishnah,Roos,kroos2a@miitbeian.gov.cn,Male,intern,0
84,Adel,Schenkel,aschenkel2b@ustream.tv,Female,intern,7
85,Maribeth,Peery,mpeery2c@twitpic.com,Female,tribe master,6
86,Lillian,Christy,lchristy2d@icio.us,Female,junior software engineer,2
87,Kermie,Collumbine,kcollumbine2e@reverbnation.com,Male,senior software engineer,5
88,Isador,Chillcot,ichillcot2f@amazon.de,Male,consultant,0
89,April,Cranton,acranton2g@google.fr,Female,consultant,5
90,Kym,Inchan,kinchan2h@washingtonpost.com,Female,senior software engineer,4
91,Marlene,Abbatucci,mabbatucci2i@arstechnica.com,Female,senior software engineer,3
92,Grata,Wormald,gwormald2j@gov.uk,Female,consultant,8
93,Dulcine,Gogie,dgogie2k@slate.com,Female,junior software engineer,3
94,Denis,Mayell,dmayell2l@xrea.com,Male,junior software engineer,0
95,Orelie,Ailward,oailward2m@google.pl,Female,tribe master,6
96,Ulrich,Mully,umully2n@bloomberg.com,Male,tribe master,1
97,Shay,Real,sreal2o@surveymonkey.com,Male,tribe master,2
98,Jerald,Cardenosa,jcardenosa2p@upenn.edu,Male,junior software engineer,3
99,Fred,Paxforde,fpaxforde2q@washington.edu,Male,tribe master,4
100,Ailina,Easterfield,aeasterfield2r@bloomberg.com,Female,tribe master,1
