event_id,name,domain,date,startTime,endTime,location,trainer,capacity,registered,resource_link,description
1,Advanced Data Engineering Techniques Seminar,Data-engineering,25-05-2023,11:16,08:45,groot,Demetre Medforth,50,0,https://drive.google.com/file/d/16FgMGtttyemBPRHLl1JLkwh6P2WBgOSw/view?usp=sharing,description
2,Full Stack Hackathon: Building Next-Gen Apps,Full-stack,03-10-2023,20:42,03:35,aurum,Aurelia Djurkovic,50,0,https://drive.google.com/file/d/16FgMGtttyemBPRHLl1JLkwh6P2WBgOSw/view?usp=sharing,description
3,Data Analytics Hackathon,Data-analytics,16-01-2024,21:07,05:17,groot,Dal Ridler,50,0,https://drive.google.com/file/d/16FgMGtttyemBPRHLl1JLkwh6P2WBgOSw/view?usp=sharing,description
4,Data Analytics Panel: Industry Experts' Insights,Data-analytics,03-11-2023,12:54,07:31,jarvis,Brigid Neasham,50,0,https://drive.google.com/file/d/16FgMGtttyemBPRHLl1JLkwh6P2WBgOSw/view?usp=sharing,description
5,Data Engineering Workshop: Cloud Data Solutions,Data-engineering,25-09-2023,10:15,07:32,jarvis,Tandie Yaknov,50,0,https://drive.google.com/file/d/16FgMGtttyemBPRHLl1JLkwh6P2WBgOSw/view?usp=sharing,description
6,Databases Administration Training,Databases,11-10-2023,20:33,01:40,falcon,Amalle Della,50,0,https://drive.google.com/file/d/16FgMGtttyemBPRHLl1JLkwh6P2WBgOSw/view?usp=sharing,description
7,Data Science Symposium: Innovations & Insights,Data-science,08-04-2023,15:14,01:58,tardis,Cacilia Castagnet,50,0,https://drive.google.com/file/d/16FgMGtttyemBPRHLl1JLkwh6P2WBgOSw/view?usp=sharing,description
8,Data Science Symposium: Innovations & Insights,Data-science,04-11-2023,10:07,09:14,falcon,Wilma Marde,50,0,https://drive.google.com/file/d/16FgMGtttyemBPRHLl1JLkwh6P2WBgOSw/view?usp=sharing,description
9,Data Analytics for Business Professionals,Data-analytics,11-12-2023,17:56,00:07,oasis,Sheelagh Lecky,50,0,https://drive.google.com/file/d/16FgMGtttyemBPRHLl1JLkwh6P2WBgOSw/view?usp=sharing,description
10,Data Analytics for Business Professionals,Data-analytics,16-12-2023,13:09,02:09,groot,Edin Rozzell,50,0,https://drive.google.com/file/d/16FgMGtttyemBPRHLl1JLkwh6P2WBgOSw/view?usp=sharing,description
11,Databases Seminar: NoSQL Fundamentals and Beyond,Databases,30-04-2024,12:13,04:52,groot,Elmer Beves,50,0,https://drive.google.com/file/d/16FgMGtttyemBPRHLl1JLkwh6P2WBgOSw/view?usp=sharing,description
12,Data Analytics Workshop Series,Data-analytics,30-12-2023,10:01,09:13,falcon,Malina Wormstone,50,0,https://drive.google.com/file/d/16FgMGtttyemBPRHLl1JLkwh6P2WBgOSw/view?usp=sharing,description
13,Data Engineering Bootcamp: Hands-On Training,Data-engineering,18-10-2023,20:20,09:04,jarvis,Konstanze Kinghorne,50,0,https://drive.google.com/file/d/16FgMGtttyemBPRHLl1JLkwh6P2WBgOSw/view?usp=sharing,description
14,Data Science Career Fair,Data-science,24-05-2024,12:56,00:14,aurum,Juliane De Hailes,50,0,https://drive.google.com/file/d/16FgMGtttyemBPRHLl1JLkwh6P2WBgOSw/view?usp=sharing,description
15,Data Science Symposium: Innovations & Insights,Data-science,28-11-2023,17:51,05:51,oasis,Bryce Worswick,50,0,https://drive.google.com/file/d/16FgMGtttyemBPRHLl1JLkwh6P2WBgOSw/view?usp=sharing,description
16,Data Analytics Panel: Industry Experts' Insights,Data-analytics,26-04-2023,21:34,03:08,aurum,Roseline Jearum,50,0,https://drive.google.com/file/d/16FgMGtttyemBPRHLl1JLkwh6P2WBgOSw/view?usp=sharing,description
17,Data Science Masterclass: Practical Applications,Data-science,26-07-2023,14:59,00:46,jarvis,Ranee Scouller,50,0,https://drive.google.com/file/d/16FgMGtttyemBPRHLl1JLkwh6P2WBgOSw/view?usp=sharing,description
18,Full Stack Showcase: Projects and Portfolios,Full-stack,10-05-2024,13:22,04:12,jarvis,Cully Papis,50,0,https://drive.google.com/file/d/16FgMGtttyemBPRHLl1JLkwh6P2WBgOSw/view?usp=sharing,description
19,Databases Administration Training,Databases,23-05-2024,21:49,02:58,falcon,Rich Kees,50,0,https://drive.google.com/file/d/16FgMGtttyemBPRHLl1JLkwh6P2WBgOSw/view?usp=sharing,description
20,Full Stack Development Bootcamp,Full-stack,15-07-2023,12:40,00:01,aurum,Bentlee Heinsius,50,0,https://drive.google.com/file/d/16FgMGtttyemBPRHLl1JLkwh6P2WBgOSw/view?usp=sharing,description
21,Databases Roundtable Discussion,Databases,28-09-2023,21:07,08:16,jarvis,Celestine Lethem,50,0,https://drive.google.com/file/d/16FgMGtttyemBPRHLl1JLkwh6P2WBgOSw/view?usp=sharing,description
22,Full Stack Development Bootcamp,Full-stack,27-09-2023,09:15,08:45,oasis,Barty Cookney,50,0,https://drive.google.com/file/d/16FgMGtttyemBPRHLl1JLkwh6P2WBgOSw/view?usp=sharing,description
23,Full Stack Hackathon: Building Next-Gen Apps,Full-stack,31-03-2024,18:53,05:39,aurum,Darb Chaster,50,0,https://drive.google.com/file/d/16FgMGtttyemBPRHLl1JLkwh6P2WBgOSw/view?usp=sharing,description
24,Full Stack Tech Talks: Cutting-Edge Technologies,Full-stack,29-05-2024,18:19,09:21,jarvis,Sheba Verrechia,50,0,https://drive.google.com/file/d/16FgMGtttyemBPRHLl1JLkwh6P2WBgOSw/view?usp=sharing,description
25,Full Stack Hackathon: Building Next-Gen Apps,Full-stack,20-04-2023,09:47,05:30,falcon,Rayna Gillingham,50,0,https://drive.google.com/file/d/16FgMGtttyemBPRHLl1JLkwh6P2WBgOSw/view?usp=sharing,description
26,Databases Administration Training,Databases,27-12-2023,19:38,09:31,groot,Twyla Wreak,50,0,https://drive.google.com/file/d/16FgMGtttyemBPRHLl1JLkwh6P2WBgOSw/view?usp=sharing,description
27,Data Analytics Seminar: Data Visualization Techniques,Data-analytics,09-04-2023,13:07,08:32,oasis,Babette Schubert,50,0,https://drive.google.com/file/d/16FgMGtttyemBPRHLl1JLkwh6P2WBgOSw/view?usp=sharing,description
28,Full Stack Hackathon: Building Next-Gen Apps,Full-stack,25-04-2024,11:07,05:12,falcon,Marcus Steanyng,50,0,https://drive.google.com/file/d/16FgMGtttyemBPRHLl1JLkwh6P2WBgOSw/view?usp=sharing,description
29,Databases Roundtable Discussion,Databases,17-04-2023,20:02,02:03,oasis,Lorelle Hallworth,50,0,https://drive.google.com/file/d/16FgMGtttyemBPRHLl1JLkwh6P2WBgOSw/view?usp=sharing,description
30,Databases Roundtable Discussion,Databases,30-10-2023,17:37,09:22,aurum,Celia Vernham,50,0,https://drive.google.com/file/d/16FgMGtttyemBPRHLl1JLkwh6P2WBgOSw/view?usp=sharing,description
