id,first_name,last_name,email,gender,designation,experience (yrs)
1,Lolly,Grote,lgrote0@vkontakte.ru,Female,junior software engineer,1
2,Vallie,Kittredge,vkittredge1@ucoz.com,Female,tribe master,9
3,Peder,Skahill,pskahill2@mozilla.org,Male,intern,1
4,Cindee,Haye,chaye3@sitemeter.com,Female,tribe master,6
5,Gilly,de Cullip,gdecullip4@jimdo.com,Female,junior software engineer,9
6,Rockwell,Whyffen,rwhyffen5@tmall.com,Male,junior software engineer,4
7,Austin,Stitcher,astitcher6@behance.net,Female,junior software engineer,8
8,Olympie,Lyman,olyman7@prnewswire.com,Female,tribe master,2
9,Darnell,Brinkman,dbrinkman8@dmoz.org,Male,consultant,4
10,Joelle,Miall,jmiall9@berkeley.edu,Female,senior software engineer,4
11,Chick,Wike,cwikea@hc360.com,Male,tribe master,10
12,Bobbie,Woollcott,bwoollcottb@free.fr,Male,tribe master,3
13,Peter,Dunsmore,pdunsmorec@example.com,Male,senior software engineer,7
14,Hersh,Eaddy,headdyd@earthlink.net,Male,tribe master,5
15,Theresina,Florentine,tflorentinee@google.com.br,Female,intern,0
16,Merline,Sirman,msirmanf@blogger.com,Female,intern,7
17,Jammal,Scrivens,jscrivensg@examiner.com,Male,tribe master,1
18,Eduard,Laurand,elaurandh@mac.com,Male,intern,5
19,Heinrick,Orring,horringi@ning.com,Male,senior software engineer,10
20,Augustina,Oddey,aoddeyj@clickbank.net,Polygender,senior software engineer,9
21,Thekla,Knibley,tknibleyk@whitehouse.gov,Non-binary,tribe master,6
22,Trula,Biggs,tbiggsl@theguardian.com,Female,junior software engineer,8
23,Prudence,Gherardi,pgherardim@slideshare.net,Female,junior software engineer,1
24,Miof mela,Sherlock,msherlockn@nytimes.com,Female,junior software engineer,1
25,Stafford,Iban,sibano@theguardian.com,Male,tribe master,10
26,Dorian,Denisovo,ddenisovop@weebly.com,Female,junior software engineer,7
27,Angie,Toffalo,atoffaloq@ehow.com,Female,tribe master,2
28,Eldredge,Duval,eduvalr@123-reg.co.uk,Male,intern,6
29,Terrie,Casse,tcasses@indiatimes.com,Female,tribe master,6
30,Pete,Townby,ptownbyt@plala.or.jp,Male,consultant,8
31,Cornall,Mourbey,cmourbeyu@indiatimes.com,Male,junior software engineer,0
32,Hasty,Bursell,hbursellv@hc360.com,Male,senior software engineer,0
33,Gunter,Wetter,gwetterw@shareasale.com,Male,consultant,7
34,Godfree,Shelton,gsheltonx@google.ca,Genderfluid,senior software engineer,1
35,Dalston,Haggarth,dhaggarthy@reuters.com,Male,senior software engineer,0
36,Erny,Divver,edivverz@vimeo.com,Male,consultant,1
37,Amie,Piet,apiet10@weather.com,Female,tribe master,6
38,Gabriellia,Emanuel,gemanuel11@go.com,Female,intern,3
39,Gisele,Harbour,gharbour12@github.com,Female,consultant,3
40,Nels,Tangye,ntangye13@indiatimes.com,Male,senior software engineer,1
41,Audi,Lingner,alingner14@arizona.edu,Female,tribe master,5
42,Shandeigh,Melrose,smelrose15@oracle.com,Female,senior software engineer,0
43,Sheppard,Hayth,shayth16@123-reg.co.uk,Male,senior software engineer,4
44,Peg,Belch,pbelch17@weibo.com,Female,consultant,3
45,Eadmund,Dewett,edewett18@wordpress.com,Male,senior software engineer,10
46,Sadye,Chilton,schilton19@uol.com.br,Female,tribe master,6
47,Perice,Whipp,pwhipp1a@redcross.org,Male,senior software engineer,9
48,Juana,Panas,jpanas1b@w3.org,Female,junior software engineer,4
49,Phip,Stapford,pstapford1c@nytimes.com,Male,junior software engineer,2
50,Jackie,Dicty,jdicty1d@exblog.jp,Female,tribe master,2
51,Keenan,McCrackan,kmccrackan1e@constantcontact.com,Male,junior software engineer,5
52,Alex,Cathenod,acathenod1f@sourceforge.net,Female,junior software engineer,10
53,Angel,Feeham,afeeham1g@un.org,Female,senior software engineer,9
54,Thayne,Eliasson,teliasson1h@apache.org,Male,intern,5
55,Dewey,Bowley,dbowley1i@e-recht24.de,Male,consultant,4
56,Ric,Chitter,rchitter1j@earthlink.net,Male,tribe master,0
57,Aaron,Garbert,agarbert1k@google.it,Bigender,senior software engineer,10
58,Burl,Veltman,bveltman1l@ycombinator.com,Male,tribe master,8
59,Carling,Chantillon,cchantillon1m@go.com,Male,junior software engineer,5
60,Nicolas,Streets,nstreets1n@salon.com,Male,junior software engineer,2
61,Karlotta,Hacker,khacker1o@wikimedia.org,Female,consultant,4
62,Lorrin,Burchard,lburchard1p@narod.ru,Non-binary,senior software engineer,2
63,Cyndi,Blackie,cblackie1q@tumblr.com,Female,intern,6
64,Vivyanne,Redhead,vredhead1r@senate.gov,Female,tribe master,8
65,Carlina,Jendrach,cjendrach1s@mozilla.com,Female,consultant,9
66,Kaila,Rust,krust1t@newyorker.com,Female,junior software engineer,0
67,Wake,Rudiger,wrudiger1u@tripod.com,Male,junior software engineer,4
68,Marina,Marcam,mmarcam1v@163.com,Female,consultant,7
69,Hedy,Skews,hskews1w@list-manage.com,Female,junior software engineer,6
70,Sarge,Robson,srobson1x@foxnews.com,Male,tribe master,0
71,Lynnette,Spini,lspini1y@hugedomains.com,Female,senior software engineer,10
72,Lesley,Mulkerrins,lmulkerrins1z@sitemeter.com,Female,tribe master,9
73,Pier,Rosenfelt,prosenfelt20@google.fr,Female,consultant,8
74,Stevy,Daud,sdaud21@sohu.com,Male,consultant,7
75,Biron,Donahue,bdonahue22@wordpress.org,Male,intern,1
76,Catrina,Clowney,cclowney23@ed.gov,Female,junior software engineer,1
77,Roderich,Forkan,rforkan24@tumblr.com,Male,intern,3
78,Merry,Caress,mcaress25@engadget.com,Male,consultant,4
79,Brenn,Garment,bgarment26@buzzfeed.com,Female,tribe master,5
80,Arlen,Belward,abelward27@irs.gov,Female,junior software engineer,7
81,Fernandina,Golley,fgolley28@naver.com,Female,junior software engineer,6
82,Benyamin,Petrussi,bpetrussi29@examiner.com,Male,intern,1
83,Cassie,Burgoine,cburgoine2a@com.com,Agender,tribe master,2
84,Ange,Gaitley,agaitley2b@nationalgeographic.com,Male,tribe master,2
85,Virgie,Elwell,velwell2c@deviantart.com,Genderfluid,tribe master,4
86,Mandel,Schurcke,mschurcke2d@pbs.org,Male,intern,0
87,Babs,Lakin,blakin2e@gravatar.com,Female,tribe master,2
88,Marcellina,Ashmore,mashmore2f@bizjournals.com,Female,junior software engineer,10
89,Stanleigh,Brunt,sbrunt2g@arizona.edu,Male,intern,0
90,Brion,Ivons,bivons2h@delicious.com,Male,senior software engineer,4
91,Ilyssa,Baldam,ibaldam2i@ucoz.com,Female,junior software engineer,3
92,Aurelie,Jarman,ajarman2j@nsw.gov.au,Non-binary,intern,1
93,Cristine,Windham,cwindham2k@blinklist.com,Female,tribe master,6
94,Beverie,Ruprechter,bruprechter2l@cnbc.com,Non-binary,junior software engineer,5
95,Lancelot,Ashworth,lashworth2m@ucoz.com,Male,junior software engineer,4
96,Peterus,Donnersberg,pdonnersberg2n@pagesperso-orange.fr,Male,tribe master,4
97,Cecily,Chitham,cchitham2o@netlog.com,Female,senior software engineer,1
98,Paulette,Squibbs,psquibbs2p@dedecms.com,Female,tribe master,9
99,Foss,Westhofer,fwesthofer2q@flavors.me,Male,intern,2
100,Skip,Carvill,scarvill2r@tamu.edu,Male,consultant,8
